{"cameraMode":{"drawMode":0,"name":"Shaded","section":"Shading Mode"},"sceneLighting":true,"audioPlay":false,"sceneViewState":{"showFog":true,"showMaterialUpdate":false,"showSkybox":true,"showFlares":true,"showImageEffects":true,"showParticleSystems":true},"in2DMode":false,"pivot":{"x":1.1644439697265626,"y":-3.692765474319458,"z":1.4937822818756104},"rotation":{"x":-0.1561763733625412,"y":0.8112618327140808,"z":-0.2512303292751312,"w":-0.5043361783027649},"size":20.240745544433595,"orthographic":false}